Constituency,County,FamilyAgriculturalHolding,FamilyBusiness,FulltimeStudent,Incapacitated,InternVolunteer,Nowork,NumberofIndividuals,RetiredHomemaker,Workforpay
Tiaty,Baringo,56.0,11.4,6.5,0.3,0.4,4.0,55908.0,18.3,3.0
BaringoNorth,Baringo,37.2,9.3,13.5,0.5,0.7,10.7,45291.0,14.5,13.7
BaringoCentral,Baringo,23.6,9.4,17.0,0.5,1.3,13.0,40395.0,11.5,23.8
BaringoSouth,Baringo,40.3,13.7,11.1,0.7,1.7,8.8,38094.0,10.4,13.4
Mogotio,Baringo,18.1,10.3,23.3,0.6,1.0,9.2,29613.0,21.5,16.1
EldamaRavine,Baringo,30.2,9.8,19.0,0.5,0.7,6.4,54433.0,10.3,23.2
Sotik,Bomet,51.4,11.3,21.0,0.5,1.0,2.1,17750.0,1.9,10.8
Chepalungu,Bomet,49.4,11.3,21.5,0.4,1.2,3.0,14062.0,3.0,10.2
BometEast,Bomet,61.2,6.9,12.9,0.4,0.6,4.3,14581.0,3.1,10.8
BometCentral,Bomet,37.4,17.1,12.9,0.2,1.0,4.3,14958.0,2.5,24.7
Konoin,Bomet,6.2,3.3,8.2,0.1,0.8,2.1,16035.0,4.7,74.6
MtElgon,Bungoma,68.2,10.1,8.0,0.3,0.9,2.3,13771.0,1.2,9.1
Sirisia,Bungoma,72.3,5.8,7.3,0.4,1.8,4.7,12983.0,1.1,6.8
Kabuchai,Bungoma,46.2,20.2,13.3,0.5,0.9,3.2,17509.0,2.2,13.7
Bumula,Bungoma,63.8,10.3,9.2,0.4,0.6,2.8,11015.0,2.9,10.0
Kanduyi,Bungoma,46.9,11.2,18.4,0.5,1.0,3.8,9778.0,3.3,15.0
WebuyeEast,Bungoma,48.3,12.3,13.1,0.5,0.9,5.8,18176.0,3.5,15.8
WebuyeWest,Bungoma,53.5,13.0,14.4,0.2,0.8,4.6,14771.0,3.1,10.4
Kimilili,Bungoma,42.0,12.0,22.1,0.3,0.9,3.5,16623.0,4.5,14.7
Tongaren,Bungoma,43.2,10.1,22.4,0.6,0.7,3.7,14843.0,9.6,9.8
TesoNorth,Busia,23.9,26.4,11.9,0.2,1.0,7.4,13177.0,4.2,25.0
TesoSouth,Busia,19.6,19.0,14.3,0.6,1.2,9.9,14008.0,7.9,27.5
Nambale,Busia,44.1,12.7,13.8,0.5,1.4,3.8,15631.0,6.9,16.8
Matayos,Busia,48.0,8.8,15.1,0.6,0.9,5.4,15808.0,7.3,14.0
Butula,Busia,52.2,11.0,11.1,0.6,0.7,3.8,9872.0,5.8,15.0
Funyula,Busia,59.2,8.5,11.7,0.9,1.0,5.1,13255.0,3.6,10.0
Budalangi,Busia,46.4,11.1,14.9,1.2,2.8,2.5,5136.0,7.8,13.3
MarakwetEast,Elgeyo Marakwet,78.8,3.3,6.1,0.4,0.5,0.8,8092.0,0.4,9.7
MarakwetWest,Elgeyo Marakwet,57.9,7.1,14.0,0.2,1.9,3.5,9779.0,1.9,13.6
KeiyoNorth,Elgeyo Marakwet,25.6,11.1,22.5,0.4,0.6,3.4,13114.0,22.7,13.7
KeiyoSouth,Elgeyo Marakwet,30.8,5.1,18.9,0.4,0.7,4.6,9633.0,22.5,17.0
Manyatta,Embu,41.3,9.9,10.0,0.3,2.3,6.6,16295.0,2.6,27.1
Runyenjes,Embu,50.0,10.5,10.2,0.5,1.7,5.0,14085.0,0.9,21.1
MbeereSouth,Embu,41.5,12.8,7.7,0.7,0.7,6.3,16331.0,7.9,22.5
MbeereNorth,Embu,54.4,12.7,5.1,0.5,0.4,2.5,15072.0,4.5,20.0
GarissaTownship,Garissa,9.5,15.8,10.9,0.6,4.3,28.0,10363.0,15.4,15.5
Balambala,Garissa,37.9,16.0,4.0,0.3,1.8,21.2,10571.0,13.9,4.8
Lagdera,Garissa,18.4,29.6,5.6,0.2,1.5,26.8,14446.0,12.1,5.7
Dadaab,Garissa,29.1,34.9,6.6,0.2,0.7,18.4,6584.0,6.4,3.8
Fafi,Garissa,53.0,12.7,3.0,0.3,1.0,6.3,2443.0,13.1,10.6
Ijara,Garissa,36.4,24.0,7.8,0.2,2.4,17.8,9564.0,4.5,6.8
Kasipul,HomaBay,63.4,6.4,14.1,0.8,0.7,2.6,11915.0,3.2,8.8
KabondoKasipul,HomaBay,37.1,17.6,21.4,0.7,0.8,3.8,15171.0,6.9,11.8
Karachuonyo,HomaBay,19.5,17.7,17.5,1.0,1.0,7.9,12919.0,17.5,17.9
Rangwe,HomaBay,71.2,5.0,9.8,0.9,0.6,2.2,8923.0,4.5,5.8
HomaBayTown,HomaBay,19.7,17.2,14.6,0.3,1.5,9.3,15177.0,7.3,30.1
Ndhiwa,HomaBay,63.7,8.7,11.9,0.9,1.3,3.8,14141.0,4.0,5.7
SubaNorth,HomaBay,19.0,21.5,13.7,0.4,1.1,4.2,13825.0,10.4,29.6
SubaSouth,HomaBay,43.1,11.7,13.1,1.1,0.9,7.7,15947.0,11.3,11.1
IsioloNorth,Isiolo,11.4,12.2,18.1,0.5,1.9,14.1,8875.0,11.0,30.9
IsioloSouth,Isiolo,37.4,20.6,6.5,0.3,1.2,10.5,8051.0,16.0,7.4
KajiadoNorth,Kajiado,6.4,15.3,12.6,0.3,1.5,7.6,26379.0,13.6,42.7
KajiadoCentral,Kajiado,21.7,17.8,18.8,0.2,1.7,5.0,2360.0,19.7,15.1
KajiadoEast,Kajiado,6.6,11.8,13.9,0.2,1.0,5.9,17009.0,18.2,42.4
KajiadoWest,Kajiado,10.0,19.1,13.9,0.3,1.3,8.4,21185.0,18.2,28.8
KajiadoSouth,Kajiado,37.3,5.6,11.7,0.6,1.3,8.5,10257.0,28.1,7.2
Lugari,Kakamega,50.3,10.7,12.8,0.5,1.1,6.4,12155.0,5.3,13.0
Likuyani,Kakamega,31.2,10.7,12.7,0.9,1.0,10.4,13724.0,13.7,19.5
Malava,Kakamega,59.6,5.1,10.4,0.4,0.7,1.2,12341.0,4.5,18.1
Lurambi,Kakamega,53.6,10.8,9.2,0.4,0.6,2.5,11629.0,0.5,22.5
Navakholo,Kakamega,62.6,7.1,11.1,0.7,0.9,2.9,10687.0,1.3,13.3
MumiasWest,Kakamega,19.3,15.1,15.3,0.4,1.1,9.4,19676.0,9.9,29.4
MumiasEast,Kakamega,39.0,9.5,17.2,0.5,1.2,6.7,17998.0,8.2,17.9
Matungu,Kakamega,38.4,8.9,16.3,0.6,1.0,8.9,16637.0,7.4,18.5
Butere,Kakamega,50.7,11.8,15.5,0.6,2.0,3.2,15057.0,3.0,13.3
Khwisero,Kakamega,51.3,9.9,15.8,0.8,2.6,3.2,9161.0,4.5,11.9
Shinyalu,Kakamega,39.3,10.4,11.3,0.5,1.4,6.1,11360.0,9.0,22.0
Ikolomani,Kakamega,29.3,6.7,14.0,0.8,1.2,14.1,9687.0,20.1,13.8
KipkelionEast,Kericho,42.5,11.0,20.0,0.5,0.8,3.1,12184.0,5.9,16.4
KipkelionWest,Kericho,57.7,8.2,10.9,0.3,0.5,4.2,10438.0,1.8,16.4
Ainamoi,Kericho,37.3,12.7,17.3,0.4,0.9,5.3,14730.0,8.4,17.8
Bureti,Kericho,47.0,13.0,13.9,0.3,0.7,1.6,11016.0,1.8,21.7
Belgut,Kericho,42.7,8.3,14.7,0.4,0.9,3.3,17720.0,7.1,22.6
SigowetSoin,Kericho,55.5,11.9,15.5,0.3,2.2,1.4,18482.0,1.3,11.9
GatunduSouth,Kiambu,34.3,9.8,14.0,0.6,0.8,6.9,11077.0,9.7,24.0
GatunduNorth,Kiambu,51.9,10.3,11.0,0.4,0.7,4.0,15559.0,5.0,16.8
Juja,Kiambu,4.6,10.4,9.7,0.2,0.7,5.3,9935.0,16.7,52.4
ThikaTown,Kiambu,4.0,17.1,11.1,0.3,0.9,9.0,24625.0,8.0,49.6
Ruiru,Kiambu,2.4,10.5,10.2,0.2,1.1,5.8,9755.0,16.7,53.1
Githunguri,Kiambu,29.0,16.5,12.9,0.3,0.9,4.3,21503.0,5.5,30.5
Kiambu,Kiambu,16.0,13.2,11.7,0.4,1.1,10.7,11917.0,10.7,36.3
Kiambaa,Kiambu,6.2,13.3,10.5,0.4,1.0,8.7,9014.0,8.8,51.1
Kabete,Kiambu,9.0,16.2,11.5,0.4,1.1,10.8,18730.0,11.1,39.9
Kikuyu,Kiambu,13.6,12.6,12.1,0.5,0.9,13.3,12117.0,14.8,32.2
Limuru,Kiambu,19.4,14.6,14.9,0.6,0.9,10.4,12363.0,10.7,28.6
Lari,Kiambu,65.3,7.8,9.2,0.3,0.2,0.7,13294.0,3.0,13.5
KilifiNorth,Kilifi,25.2,15.8,13.7,0.3,2.6,8.1,12655.0,12.8,21.5
KilifiSouth,Kilifi,28.9,10.4,12.7,0.6,1.2,8.4,15525.0,11.2,26.7
Kaloleni,Kilifi,7.2,12.9,14.8,0.5,1.6,9.8,22535.0,23.3,30.0
Rabai,Kilifi,21.0,3.5,19.9,0.5,0.8,8.7,7223.0,27.1,18.5
Ganze,Kilifi,34.7,7.6,19.4,0.5,1.6,5.8,13377.0,6.5,24.0
Malindi,Kilifi,34.7,8.2,16.9,0.7,0.9,4.1,7646.0,21.2,13.4
Magarini,Kilifi,32.1,10.5,17.1,0.5,1.9,7.6,7528.0,16.8,13.4
Mwea,Kirinyaga,51.0,13.7,9.2,0.3,0.9,4.1,15831.0,1.5,19.4
Gichugu,Kirinyaga,56.4,11.0,10.2,0.5,0.4,2.3,23693.0,1.6,17.6
Ndia,Kirinyaga,51.6,10.0,11.9,0.5,0.6,2.6,18470.0,1.8,20.9
KirinyagaCentral,Kirinyaga,44.0,11.5,9.3,0.4,0.8,2.5,14231.0,2.6,28.9
Bonchari,Kisii,62.8,6.0,15.6,0.9,0.4,1.4,10001.0,3.5,9.5
SouthMugirango,Kisii,41.7,12.6,18.0,0.5,0.8,2.5,16070.0,3.0,20.9
BomachogeBorabu,Kisii,50.3,15.7,16.4,0.4,1.5,2.6,12140.0,0.9,12.2
Bobasi,Kisii,57.4,9.0,18.8,0.6,0.7,1.5,9154.0,1.3,10.8
BomachogeChache,Kisii,53.5,9.6,21.3,0.5,0.7,2.3,11502.0,0.4,11.6
NyaribariMasaba,Kisii,46.7,8.3,19.1,0.6,1.0,3.8,14140.0,5.4,15.3
NyaribariChache,Kisii,35.9,10.3,17.5,0.7,0.7,8.3,15606.0,3.3,23.4
KitutuChacheNorth,Kisii,62.4,9.4,12.5,0.4,1.0,4.1,14216.0,0.8,9.5
KitutuChacheSouth,Kisii,53.8,11.0,15.6,0.7,1.2,2.6,12379.0,3.2,12.1
KisumuEast,Kisumu,17.2,19.9,14.3,0.5,1.3,10.5,21722.0,9.0,27.3
KisumuWest,Kisumu,27.8,16.1,15.5,0.9,2.8,9.3,10986.0,8.2,19.5
KisumuCentral,Kisumu,3.6,22.5,13.4,0.4,1.3,10.6,20919.0,9.3,38.9
Seme,Kisumu,39.5,14.1,16.6,0.9,1.7,7.3,13729.0,6.9,13.0
Nyando,Kisumu,27.4,18.8,17.4,1.0,1.4,6.7,8022.0,9.0,18.4
Muhoroni,Kisumu,24.5,15.8,15.0,0.7,1.3,6.4,9447.0,9.2,27.1
Nyakach,Kisumu,59.2,9.4,14.8,1.0,0.9,2.6,8098.0,2.2,10.0
MwingiNorth,Kitui,28.0,10.8,8.9,1.1,0.6,6.8,8201.0,27.7,16.0
MwingiWest,Kitui,23.5,13.4,17.6,0.6,1.0,6.6,12814.0,18.9,18.3
MwingiCentral,Kitui,19.5,13.4,14.0,1.0,1.0,8.6,12181.0,13.1,29.3
KituiWest,Kitui,27.3,11.2,15.6,1.1,0.7,7.4,15908.0,16.9,19.9
KituiRural,Kitui,39.6,11.4,12.6,1.0,0.7,7.2,12325.0,9.0,18.5
KituiCentral,Kitui,51.2,8.9,17.2,0.6,1.5,5.7,9604.0,4.8,10.1
KituiEast,Kitui,12.7,36.8,11.8,0.9,1.3,11.0,11505.0,7.6,17.8
KituiSouth,Kitui,29.3,10.0,18.5,1.0,0.8,4.1,16669.0,15.6,20.8
Msabweni,Kwale,7.7,15.7,12.0,0.4,1.2,13.2,20818.0,17.1,32.8
LungaLunga,Kwale,44.1,11.1,14.7,0.3,1.0,5.3,19850.0,12.3,11.3
Matuga,Kwale,22.8,9.4,13.0,0.4,1.0,9.8,16725.0,21.2,22.5
Kinango,Kwale,44.1,12.2,10.7,0.8,0.9,3.3,11729.0,17.7,10.5
LaikipiaWest,Laikipia,32.1,15.8,14.6,0.5,1.1,13.1,8654.0,7.0,15.9
LaikipiaEast,Laikipia,44.1,7.4,9.6,0.7,0.7,6.7,13224.0,10.3,20.6
LaikipiaNorth,Laikipia,47.2,8.5,8.3,0.4,0.7,10.8,11322.0,10.0,14.1
LamuEast,Lamu,13.2,19.5,12.7,0.8,0.9,6.2,7304.0,36.2,10.5
LamuWest,Lamu,27.9,13.2,6.5,0.3,0.6,4.5,1829.0,6.3,40.7
Masinga,Machakos,19.7,12.2,15.4,0.8,1.1,6.8,17173.0,24.3,19.7
Yatta,Machakos,31.2,10.9,14.9,0.7,1.3,5.2,14879.0,12.9,22.9
Kangundo,Machakos,28.7,8.9,14.3,0.9,0.7,4.5,12142.0,20.2,21.8
Matungulu,Machakos,13.4,18.9,11.9,0.7,1.2,8.0,15228.0,15.3,30.7
Kathiani,Machakos,24.0,10.2,16.9,0.9,1.0,5.7,15723.0,18.9,22.4
Mavoko,Machakos,4.5,13.0,7.8,0.2,1.3,11.1,34648.0,7.2,55.1
MachakosTown,Machakos,34.9,7.1,16.5,0.8,0.9,6.6,16806.0,11.3,21.8
Mwala,Machakos,16.0,8.6,17.7,0.5,0.8,5.1,16374.0,29.8,21.4
Mbooni,Makueni,14.1,7.5,24.1,1.1,0.6,5.2,17584.0,26.5,21.0
Kilome,Makueni,27.3,10.8,18.2,0.7,1.0,8.6,19434.0,9.1,24.4
Kaiti,Makueni,33.7,8.7,19.3,1.1,0.7,2.6,19729.0,13.9,20.1
Makueni,Makueni,13.5,15.9,16.0,0.5,1.1,5.8,14831.0,10.3,36.9
KibweziWest,Makueni,16.9,13.2,16.6,0.6,1.1,7.6,21997.0,14.6,29.4
KibweziEast,Makueni,27.2,7.6,19.2,0.6,0.8,4.4,15773.0,15.9,24.3
ManderaWest,Mandera,40.4,16.1,14.6,0.4,1.0,15.1,19419.0,7.1,5.5
Banissa,Mandera,48.8,20.2,12.3,0.2,0.9,9.2,17942.0,3.0,5.5
ManderaNorth,Mandera,39.0,5.0,12.2,0.5,0.7,10.7,20251.0,25.3,6.6
ManderaSouth,Mandera,45.3,4.8,16.6,0.3,0.9,18.5,12783.0,8.1,5.6
ManderaEast,Mandera,40.7,25.9,2.2,0.1,1.3,18.2,12646.0,6.1,5.6
Lafey,Mandera,52.7,13.2,4.9,0.2,0.8,16.0,23560.0,7.9,4.3
Moyale,Marsabit,30.5,5.3,13.6,1.0,0.6,12.5,8811.0,25.2,11.3
NorthHorr,Marsabit,75.3,6.0,1.3,0.2,0.4,9.3,10630.0,5.3,2.2
Saku,Marsabit,43.7,5.1,9.6,0.6,1.7,7.3,7937.0,18.6,13.5
Laisamis,Marsabit,68.8,12.7,4.4,0.4,0.4,5.8,7649.0,1.9,5.7
IgembeSouth,Meru,12.3,37.8,9.7,0.2,0.8,4.9,12678.0,9.9,24.5
IgembeCentral,Meru,43.0,15.8,12.7,0.4,1.9,7.3,15719.0,8.9,10.0
IgembeNorth,Meru,40.0,20.8,8.5,0.3,1.7,4.7,14575.0,7.1,17.0
TiganiaWest,Meru,45.2,11.0,9.7,0.4,0.5,8.8,7764.0,18.4,5.9
TiganiaEast,Meru,67.8,10.5,5.9,0.3,0.5,1.1,20391.0,1.6,12.2
NorthImenti,Meru,7.1,16.0,10.7,0.3,1.8,9.5,17238.0,6.0,48.8
Buuri,Meru,39.2,10.1,8.2,0.3,0.7,6.2,20681.0,2.9,32.5
CentralImenti,Meru,52.1,13.6,9.6,0.6,0.6,2.4,14286.0,3.5,17.7
SouthImenti,Meru,44.2,14.9,10.6,0.4,0.7,3.5,12530.0,1.1,24.7
Rongo,Migori,69.4,11.7,7.5,0.5,1.8,1.0,8672.0,2.2,5.8
Awendo,Migori,50.7,15.8,13.0,0.5,1.3,4.1,10573.0,3.2,11.4
SunaEast,Migori,55.0,10.0,19.3,0.6,1.9,1.2,8650.0,3.3,8.9
SunaWest,Migori,62.5,10.1,17.3,0.7,0.4,2.3,11134.0,1.5,5.3
Uriri,Migori,71.1,6.0,8.3,0.9,0.7,2.2,12293.0,4.7,6.1
Nyatike,Migori,12.9,24.2,17.0,0.5,1.9,7.6,10674.0,9.9,26.0
KuriaWest,Migori,50.0,12.3,9.1,0.2,1.5,4.7,9054.0,2.6,19.6
KuriaEast,Migori,74.1,5.4,13.2,0.4,0.4,0.8,9064.0,1.6,4.2
Changamwe,Mombasa,1.3,14.6,8.2,0.3,1.1,14.5,22469.0,15.6,44.4
Jomvu,Mombasa,3.9,13.6,8.7,0.3,1.2,17.0,22383.0,15.0,40.2
Kisauni,Mombasa,1.9,17.7,8.8,0.2,1.2,14.2,17733.0,17.1,39.0
Nyali,Mombasa,2.6,17.3,9.8,0.2,1.5,11.3,27353.0,16.9,40.4
Likoni,Mombasa,5.0,11.7,10.8,0.3,1.2,12.0,16703.0,19.3,39.7
Mvita,Mombasa,7.7,12.3,14.2,0.7,2.2,9.2,16000.0,23.1,30.7
Kangema,Muranga,53.1,7.5,11.2,0.8,0.5,2.0,13422.0,2.9,21.9
Mathioya,Muranga,52.4,11.5,13.1,0.9,0.4,2.4,18440.0,5.6,13.8
Kiharu,Muranga,40.0,9.5,14.3,1.2,0.4,3.4,15505.0,11.0,20.3
Kigumo,Muranga,53.2,11.6,12.3,0.6,0.4,1.5,10154.0,8.9,11.6
Maragwa,Muranga,31.5,13.2,12.3,0.5,0.6,6.8,18076.0,6.2,29.0
Kandara,Muranga,29.1,11.0,15.0,0.9,0.6,13.2,10125.0,8.1,22.2
Gatanga,Muranga,38.4,9.2,18.8,0.5,1.3,6.7,9416.0,7.8,17.3
Westlands,Nairobi,4.9,10.4,11.3,0.2,1.3,11.0,21561.0,7.3,53.7
DagoretiNorth,Nairobi,5.0,10.6,15.4,0.1,2.2,6.0,28305.0,6.1,54.7
DagoretiSouth,Nairobi,5.9,12.8,10.7,0.5,1.4,12.8,11094.0,15.0,40.9
Langata,Nairobi,6.4,8.6,14.0,0.2,2.2,6.4,22061.0,5.1,57.2
Kibra,Nairobi,2.8,14.7,7.5,0.2,1.5,13.1,19248.0,8.2,52.0
Roysambu,Nairobi,5.9,25.7,8.3,0.2,1.2,8.8,31903.0,7.1,42.8
Kasarani,Nairobi,5.6,17.5,13.1,0.2,1.2,10.0,26710.0,6.4,45.9
Ruaraka,Nairobi,4.3,15.1,8.4,0.1,1.7,12.5,25757.0,8.3,49.7
EmbakasiSouth,Nairobi,4.4,14.5,4.4,0.1,1.1,11.1,48483.0,10.7,53.8
EmbakasiNorth,Nairobi,2.8,23.1,9.6,0.3,1.2,12.6,25617.0,9.2,41.2
EmbakasiCentral,Nairobi,5.6,26.5,8.2,0.1,1.4,9.6,25947.0,9.7,39.0
EmbakasiEast,Nairobi,4.7,18.8,6.9,0.3,1.4,12.6,28703.0,11.0,44.3
EmbakasiWest,Nairobi,5.5,16.8,13.3,0.1,1.6,8.2,33804.0,4.9,49.6
Makadara,Nairobi,3.8,19.0,11.9,0.2,1.3,11.4,38027.0,6.3,46.1
Kamukunji,Nairobi,3.1,20.8,8.5,0.3,1.1,12.9,25445.0,5.5,47.7
Starehe,Nairobi,6.4,16.0,9.7,0.3,1.3,10.0,8000.0,9.8,46.6
Mathare,Nairobi,3.2,13.5,7.6,0.2,0.9,13.0,12795.0,11.3,50.3
Molo,Nakuru,62.9,15.7,5.0,0.2,0.7,2.7,6029.0,2.1,10.8
Njoro,Nakuru,48.9,13.4,8.8,0.3,1.0,2.6,17583.0,1.6,23.4
Naivasha,Nakuru,31.4,13.5,13.1,0.6,0.6,4.4,8013.0,13.4,23.0
Gilgil,Nakuru,4.9,15.8,11.4,0.2,1.0,7.4,22814.0,18.4,41.0
KuresoiSouth,Nakuru,46.8,15.3,12.3,0.2,1.0,5.4,10732.0,1.5,17.5
KuresoiNorth,Nakuru,70.7,6.2,12.5,0.2,0.5,2.6,17635.0,2.1,5.2
Subukia,Nakuru,46.4,10.4,11.6,0.5,0.7,5.7,16331.0,3.2,21.5
Rongai,Nakuru,15.4,8.5,16.7,0.3,1.5,10.4,16727.0,6.1,41.1
Bahati,Nakuru,36.4,11.7,17.5,0.7,0.8,8.5,12534.0,2.3,22.1
NakuruTownWest,Nakuru,11.3,8.1,14.7,0.6,0.8,14.4,3764.0,18.8,31.3
NakuruTownEast,Nakuru,5.0,19.5,16.1,0.2,1.4,10.2,22057.0,8.8,38.9
Tinderet,Nandi,49.9,7.5,13.5,0.4,0.6,2.6,18997.0,9.5,16.1
Aldai,Nandi,48.8,9.0,14.0,0.6,1.0,3.0,11287.0,9.1,14.3
NandiHills,Nandi,17.1,11.2,12.9,0.3,0.6,3.8,18163.0,8.8,45.3
Chesumei,Nandi,22.6,11.9,20.5,0.3,0.9,6.4,13713.0,7.2,30.3
Emgwen,Nandi,48.0,10.6,15.3,0.3,0.7,1.6,10227.0,2.8,20.7
Mosop,Nandi,42.5,10.9,12.5,0.5,3.0,4.3,9112.0,13.4,13.0
Kilgoris,Narok,36.0,16.9,15.3,0.6,1.4,4.6,19035.0,14.2,11.0
EmuruaDikirr,Narok,56.9,13.6,16.6,0.3,1.1,3.3,12058.0,3.5,4.8
NarokNorth,Narok,59.1,13.1,7.1,0.3,1.3,5.0,8902.0,5.7,8.3
NarokEast,Narok,42.5,14.1,9.3,0.3,1.4,2.8,12374.0,19.7,10.1
NarokSouth,Narok,39.3,13.9,4.4,0.4,1.5,7.6,16797.0,23.1,9.8
NarokWest,Narok,48.7,13.8,11.2,0.2,1.1,2.5,21841.0,12.7,10.0
KitutuMasaba,Nyamira,48.0,13.9,15.9,0.5,0.8,2.8,22438.0,2.8,15.4
WestMugirango,Nyamira,57.5,7.9,14.5,0.5,1.9,3.6,16119.0,1.8,12.4
NorthMugirango,Nyamira,53.8,8.9,17.5,0.4,0.7,2.4,14019.0,0.9,15.4
Borabu,Nyamira,27.1,10.9,12.8,0.3,0.8,1.9,10512.0,3.1,43.2
Kinangop,Nyandarua,58.2,6.6,13.2,0.2,0.7,2.9,14398.0,1.3,16.9
Kipipiri,Nyandarua,61.1,8.0,9.6,0.2,0.6,1.9,16200.0,4.5,14.2
OlKalou,Nyandarua,42.1,9.6,14.4,0.6,0.9,6.3,13497.0,5.6,20.6
OlJorok,Nyandarua,54.1,8.4,17.6,0.6,0.6,1.8,11274.0,1.9,15.0
Ndaragwa,Nyandarua,30.1,10.9,18.6,0.6,0.6,8.4,9991.0,16.0,14.7
Tetu,Nyeri,45.2,8.9,15.8,0.6,0.7,4.9,12387.0,2.5,21.4
Kieni,Nyeri,27.3,9.7,11.3,0.5,1.0,4.7,10040.0,9.8,35.6
Mathira,Nyeri,41.6,10.9,11.0,0.6,0.7,3.0,13148.0,10.8,21.4
Othaya,Nyeri,53.4,9.7,13.6,0.6,0.8,2.9,12653.0,1.5,17.5
MukurweIni,Nyeri,63.0,6.4,11.6,0.5,0.6,2.1,9961.0,3.5,12.4
NyeriTown,Nyeri,15.1,10.9,12.7,1.0,1.1,8.1,13043.0,12.2,38.8
SamburuWest,Samburu,31.7,13.5,8.2,0.6,1.4,12.3,5849.0,21.7,10.7
SamburuNorth,Samburu,43.6,25.3,7.4,0.4,1.0,10.9,6262.0,2.7,8.8
SamburuEast,Samburu,45.6,7.9,4.2,0.3,1.3,21.4,8328.0,7.7,11.6
Ugenya,Siaya,70.5,7.2,9.3,0.9,0.9,1.5,14638.0,2.5,7.2
Ugunja,Siaya,52.1,11.6,12.6,1.2,0.9,2.3,11863.0,7.6,11.7
AlegoUsonga,Siaya,58.1,13.3,8.9,0.8,1.0,3.5,6711.0,1.6,13.0
Gem,Siaya,64.1,8.7,10.3,0.8,1.0,4.0,17105.0,1.3,9.8
Bondo,Siaya,10.3,25.2,12.5,0.5,0.9,6.3,14954.0,8.5,35.8
Rarieda,Siaya,32.0,12.7,14.2,0.9,1.2,5.8,16284.0,15.8,17.4
Taveta,Taita Taveta,58.0,8.4,11.7,0.4,0.8,2.5,9391.0,1.8,16.5
Wundanyi,Taita Taveta,30.4,10.8,10.5,1.1,0.9,4.8,11370.0,14.2,27.3
Mwatate,Taita Taveta,31.1,5.2,8.9,1.7,1.0,6.1,5972.0,24.2,21.9
Voi,Taita Taveta,6.1,14.2,10.4,0.5,1.3,10.5,14896.0,22.0,35.0
Garsen,Tana River,66.0,9.6,4.8,0.4,1.2,6.5,9222.0,3.7,7.9
Galole,Tana River,43.3,6.4,10.0,0.7,2.1,6.0,5969.0,19.3,12.2
Bura,Tana River,25.3,9.2,4.4,0.7,1.3,14.1,7247.0,38.3,6.7
Maara,Tharaka Nithi,58.2,8.5,5.5,1.0,0.6,1.9,8733.0,4.8,19.5
ChukaIgambangombe,Tharaka Nithi,50.1,8.8,14.5,0.5,0.5,1.1,7715.0,11.3,13.2
Tharaka,Tharaka Nithi,60.9,12.4,9.6,0.4,0.5,3.0,12904.0,3.3,10.0
Kwanza,TransNzoia,25.3,13.2,13.0,0.7,1.3,10.7,27349.0,16.7,19.2
Endebess,TransNzoia,47.4,8.6,8.1,0.3,2.1,5.5,17384.0,6.8,21.3
Saboti,TransNzoia,40.3,9.1,13.1,0.3,0.9,7.1,18756.0,9.8,19.4
Kiminini,TransNzoia,21.0,13.0,16.0,0.4,1.1,8.5,16505.0,16.7,23.3
Cherangany,TransNzoia,31.3,11.2,19.3,0.4,1.3,5.9,12660.0,10.8,19.8
TurkanaNorth,Turkana,40.3,29.9,1.2,1.4,0.5,17.6,11101.0,5.2,4.0
TurkanaWest,Turkana,14.4,17.3,7.4,1.2,1.7,38.1,18687.0,11.3,8.6
TurkanaCentral,Turkana,64.9,15.1,1.1,0.1,0.8,14.3,15555.0,2.1,1.7
Loima,Turkana,80.2,14.5,0.4,0.1,0.7,1.4,15416.0,1.1,1.6
TurkanaSouth,Turkana,76.7,4.0,3.1,0.3,0.6,6.5,7785.0,3.8,5.0
TurkanaEast,Turkana,35.2,15.3,15.0,0.8,0.7,15.4,13334.0,8.1,9.5
Soy,Uasin Gishu,15.1,19.3,16.1,0.2,1.1,11.3,15544.0,15.6,21.3
Turbo,Uasin Gishu,34.9,10.8,14.5,0.4,1.4,7.0,15118.0,17.4,13.6
Moiben,Uasin Gishu,35.3,8.7,15.6,0.6,0.9,10.4,14333.0,8.9,19.6
Ainabkoi,Uasin Gishu,4.9,12.9,18.7,0.1,2.2,10.0,19897.0,7.5,43.6
Kapseret,Uasin Gishu,20.8,11.3,16.8,0.9,1.2,10.0,16751.0,12.4,26.5
Kesses,Uasin Gishu,6.2,11.2,19.0,0.3,1.9,7.7,13031.0,7.2,46.6
Vihiga,Vihiga,36.8,8.9,15.4,0.8,1.2,9.1,14438.0,8.4,19.5
Sabatia,Vihiga,30.4,11.8,18.0,1.2,0.8,10.4,12939.0,8.4,19.0
Hamisi,Vihiga,33.2,10.1,14.9,1.0,0.9,10.3,10688.0,7.0,22.8
Luanda,Vihiga,20.8,23.8,11.8,0.8,2.0,12.5,7497.0,9.4,19.0
Emuhaya,Vihiga,48.5,7.4,16.7,1.7,1.1,6.3,14176.0,4.4,14.0
WajirNorth,Wajir,46.8,8.9,8.2,0.3,1.0,17.5,8710.0,13.4,3.8
WajirEast,Wajir,7.3,9.3,13.1,0.2,1.4,49.1,11266.0,10.1,9.5
Tarbaj,Wajir,64.4,15.2,6.7,0.1,0.9,7.1,12199.0,3.3,2.4
WajirWest,Wajir,25.4,7.1,6.4,0.2,3.6,29.3,9836.0,21.8,6.2
Eldas,Wajir,3.9,10.7,10.6,0.1,0.8,42.8,7894.0,26.6,4.4
WajirSouth,Wajir,35.1,9.3,11.3,0.5,1.4,23.8,11218.0,10.9,7.9
Kapenguria,West Pokot,41.0,11.0,9.8,0.7,1.3,10.4,12153.0,22.2,3.7
Sigor,West Pokot,50.8,21.9,3.6,1.0,2.5,10.0,7849.0,4.6,5.5
Kacheliba,West Pokot,61.3,8.6,3.5,0.2,1.9,12.5,10693.0,4.7,7.3
PokotSouth,West Pokot,29.2,11.1,24.1,0.3,0.7,8.7,19009.0,19.2,6.9
